City_ID,City,Lat,Lng,Max Temp,Humidity,Cloudiness,Wind Speed,Country,Date
0,pangnirtung,66.1451,-65.7125,-12.0,40,20,0.0,CA,1680531946
1,guerrero negro,27.9769,-114.0611,13.51,81,98,8.0,MX,1680531946
2,castro,-24.7911,-50.0119,20.31,60,0,1.71,BR,1680531946
3,victoria,22.2855,114.1577,22.2,94,98,0.45,HK,1680531673
4,jamestown,42.097,-79.2353,11.08,53,0,6.17,US,1680531946
5,khandyga,62.6667,135.6,-15.99,93,100,1.93,RU,1680531946
6,atuona,-9.8,-139.0333,26.28,83,98,6.03,PF,1680531946
7,port alfred,-33.5906,26.891,22.88,68,86,4.02,ZA,1680531946
8,puerto ayora,-0.7393,-90.3518,28.98,85,68,0.45,EC,1680531947
9,cherskiy,68.75,161.3,-29.1,95,41,3.32,RU,1680531947
10,punta arenas,-53.15,-70.9167,11.01,72,98,5.8,CL,1680531776
11,santa fe,-31.6333,-60.7,23.9,63,100,3.58,AR,1680531947
12,killybegs,54.6333,-8.45,11.84,69,100,8.29,IE,1680531947
13,gua musang,4.8823,101.9644,22.83,99,100,1.23,MY,1680531947
14,tuatapere,-46.1333,167.6833,9.91,89,57,1.37,NZ,1680531947
15,kita,13.0349,-9.4895,41.15,4,4,1.68,ML,1680531947
16,busselton,-33.65,115.3333,14.92,87,0,4.25,AU,1680531947
17,vaini,-21.2,-175.2,22.09,94,20,1.03,TO,1680531948
18,lesnoy,57.6198,63.0784,8.57,63,23,2.46,RU,1680531948
19,saint-philippe,-21.3585,55.7679,25.77,82,100,2.22,RE,1680531949
20,mataura,-46.1927,168.8643,10.26,77,95,0.58,NZ,1680531949
21,rikitea,-23.1203,-134.9692,26.73,81,25,6.35,PF,1680531949
22,weihai,37.5017,122.1136,10.09,69,100,2.39,CN,1680531949
23,druzhba,52.0428,33.9453,11.33,55,100,2.27,UA,1680531949
24,luanda,-8.8368,13.2343,30.0,66,75,7.2,AO,1680531667
25,cuamba,-14.8031,36.5372,25.08,76,58,1.27,MZ,1680531949
26,beira,-19.8436,34.8389,29.05,58,20,5.14,MZ,1680531949
27,valenca,-13.3703,-39.0731,30.2,57,44,2.91,BR,1680531950
28,weligama,5.9667,80.4167,26.84,77,100,1.15,LK,1680531950
29,diego de almagro,-26.3667,-70.05,23.88,50,0,1.94,CL,1680531955
30,huarmey,-10.0681,-78.1522,26.43,75,100,1.99,PE,1680531955
31,kirakira,-10.4544,161.9205,26.89,85,42,2.91,SB,1680531955
32,north platte,41.1239,-100.7654,6.73,47,0,10.8,US,1680531956
33,kahului,20.8947,-156.47,23.25,83,40,2.06,US,1680531957
34,shipunovo,52.1582,82.2173,-0.79,67,1,1.79,RU,1680531957
35,vardo,70.3705,31.1107,-3.01,86,40,15.95,NO,1680531957
36,lorengau,-2.0226,147.2712,26.85,76,72,1.1,PG,1680531957
37,kapaa,22.0752,-159.319,22.18,89,100,2.57,US,1680531957
38,netanya,32.3329,34.8599,27.01,59,5,5.43,IL,1680531957
39,bethel,41.3712,-73.414,8.59,47,0,4.12,US,1680531800
40,arraial do cabo,-22.9661,-42.0278,26.98,65,0,4.63,BR,1680531958
41,butaritari,3.0707,172.7902,27.78,79,75,7.06,KI,1680531958
42,dikson,73.5069,80.5464,-29.06,100,68,3.01,RU,1680531962
43,leningradskiy,69.3833,178.4167,-32.27,100,39,2.59,RU,1680531962
44,bredasdorp,-34.5322,20.0403,21.86,52,65,7.5,ZA,1680531963
45,port elizabeth,-33.918,25.5701,23.94,67,20,13.89,ZA,1680531963
46,sretensk,52.2453,117.7093,-4.94,59,97,5.95,RU,1680531963
47,takoradi,4.8845,-1.7554,30.18,66,87,4.87,GH,1680531964
48,tasiilaq,65.6145,-37.6368,-3.91,77,100,2.57,GL,1680531964
49,kot addu,30.4692,70.9671,24.56,52,83,2.31,PK,1680531964
50,saskylakh,71.9167,114.0833,-15.73,96,100,5.28,RU,1680531964
51,krasnoselkup,65.7,82.4667,-13.39,88,100,8.36,RU,1680531964
52,cidreira,-30.1811,-50.2056,23.87,60,10,3.98,BR,1680531964
53,saint-francois,46.4154,3.9054,7.69,76,100,6.17,FR,1680531769
54,yerbogachen,61.2767,108.0108,-4.68,93,100,5.28,RU,1680531965
55,hermanus,-34.4187,19.2345,21.0,74,18,5.84,ZA,1680531965
56,chuy,-33.6971,-53.4616,16.7,86,100,1.06,UY,1680531965
57,vanavara,60.34,102.2797,-4.43,92,100,5.85,RU,1680531965
58,lac-megantic,45.5834,-70.8823,1.42,76,100,3.09,CA,1680531965
59,ribeira grande,38.5167,-28.7,17.22,63,20,5.66,PT,1680531966
60,ushuaia,-54.8,-68.3,15.81,36,0,5.14,AR,1680531966
61,labrea,-7.2586,-64.7981,27.29,70,96,1.44,BR,1680531966
62,san fernando,15.0286,120.6898,26.4,73,70,2.04,PH,1680531966
63,hilo,19.7297,-155.09,21.27,95,100,0.89,US,1680531945
64,caravelas,-17.7125,-39.2481,27.26,71,33,4.86,BR,1680531966
65,khasan,42.4308,130.6434,5.77,89,97,0.74,RU,1680531966
66,isangel,-19.55,169.2667,26.33,86,31,2.2,VU,1680531967
67,ponta do sol,32.6667,-17.1,23.35,71,4,2.9,PT,1680531967
68,nemuro,43.3236,145.575,1.29,67,0,1.84,JP,1680531967
69,moyo,3.6609,31.7247,29.54,42,58,0.34,UG,1680531967
70,nhulunbuy,-12.2333,136.7667,26.34,89,75,0.51,AU,1680531967
71,kaduqli,11.0167,29.7167,39.11,7,16,4.95,SD,1680531967
72,san patricio,28.017,-97.5169,24.95,79,59,5.59,US,1680531968
73,hasaki,35.7333,140.8333,9.22,51,0,6.34,JP,1680531968
74,belaya gora,68.5333,146.4167,-15.15,88,100,3.64,RU,1680531968
75,rocha,-34.4833,-54.3333,16.24,90,100,2.85,UY,1680531968
76,tura,25.5198,90.2201,22.16,56,81,1.66,IN,1680531730
77,churapcha,62.0025,132.4325,-11.31,93,100,4.03,RU,1680531969
78,nikolskoye,59.7035,30.7861,-0.05,93,100,4.9,RU,1680531970
79,kruisfontein,-34.0033,24.7314,22.71,61,0,10.76,ZA,1680531970
80,yellowknife,62.456,-114.3525,-18.71,78,40,1.54,CA,1680531749
81,nouadhibou,20.931,-17.0347,21.69,61,1,7.14,MR,1680531970
82,dongsheng,39.8161,109.9776,-0.61,99,100,7.27,CN,1680531971
83,brookings,44.3114,-96.7984,1.32,83,75,3.6,US,1680531865
84,jashpurnagar,22.9,84.15,26.08,23,80,2.38,IN,1680531971
85,bengkulu,-3.8004,102.2655,24.71,88,100,1.84,ID,1680531971
86,selaphum,16.0299,103.9383,30.95,34,15,2.38,TH,1680531971
87,port macquarie,-31.4333,152.9167,17.16,89,44,0.91,AU,1680531972
88,basco,20.4487,121.9702,24.16,65,6,9.57,PH,1680531972
89,barrow,71.2906,-156.7887,-13.99,72,100,6.17,US,1680531972
90,carnarvon,-24.8667,113.6333,23.85,75,99,4.61,AU,1680531972
91,langarud,37.197,50.1535,15.03,74,15,3.57,IR,1680531841
92,thompson,55.7435,-97.8558,-22.91,84,100,2.06,CA,1680531973
93,jalu,29.0331,21.5482,27.87,24,0,7.46,LY,1680531974
94,neiafu,-18.65,-173.9833,21.38,94,20,0.0,TO,1680531974
95,new norfolk,-42.7826,147.0587,14.28,69,100,1.26,AU,1680531975
96,maridi,4.9158,29.4742,36.34,13,24,3.51,SS,1680531976
97,santiago de cao,-7.9589,-79.2392,26.07,83,0,3.09,PE,1680531977
98,wilmington,34.2257,-77.9447,21.95,57,0,4.47,US,1680531808
99,albany,42.6001,-73.9662,7.35,31,61,1.34,US,1680531978
100,salto,-31.3833,-57.9667,19.93,77,83,5.36,UY,1680531873
101,avarua,-21.2078,-159.775,22.03,88,99,1.03,CK,1680531979
102,avera,33.194,-82.5271,13.64,66,100,2.89,US,1680531979
103,hithadhoo,-0.6,73.0833,28.44,70,68,3.72,MV,1680531979
104,nalut,30.3333,10.85,19.23,15,0,8.77,LY,1680531980
105,reo,12.3167,-2.4667,38.98,7,8,4.48,BF,1680531980
106,provideniya,64.3833,-173.3,-12.74,97,99,2.02,RU,1680531980
107,san cristobal,7.7669,-72.225,22.1,46,100,3.69,VE,1680531981
108,constitucion,-35.3333,-72.4167,18.01,51,100,2.93,CL,1680531981
109,orlik,52.5178,99.825,-16.92,82,70,1.81,RU,1680531981
110,anadyr,64.75,177.4833,-23.72,77,40,6.0,RU,1680531981
111,shu,43.5983,73.7614,12.94,20,0,11.72,KZ,1680531981
112,gedo,9.0167,37.45,20.01,44,52,1.92,ET,1680531981
113,tuscaloosa,33.2098,-87.5692,15.05,89,74,4.19,US,1680531982
114,bukachacha,52.9833,116.9167,-8.89,69,100,2.56,RU,1680531982
115,sept-iles,50.2001,-66.3821,-5.71,53,20,5.14,CA,1680531982
116,dingle,10.9995,122.6711,25.21,80,100,2.6,PH,1680531982
117,vao,-22.6667,167.4833,25.35,82,4,5.08,NC,1680531982
118,lubbock,33.6001,-101.8338,17.86,15,0,3.13,US,1680531982
119,acapulco,16.8634,-99.8901,24.9,69,40,1.54,MX,1680531815
120,hobart,-42.8794,147.3294,14.47,87,100,3.6,AU,1680531784
121,kilindoni,-7.9139,39.6668,27.86,78,96,5.48,TZ,1680531983
122,chokwe,-24.5333,32.9833,30.34,47,0,3.74,MZ,1680531983
123,vanimo,-2.6741,141.3028,26.03,86,99,0.84,PG,1680531984
124,ishurdi,24.1333,89.0833,30.11,29,74,0.98,BD,1680531984
125,erenhot,43.6475,111.9767,2.43,33,100,6.83,CN,1680531984
126,grindavik,63.8424,-22.4338,9.26,87,100,13.38,IS,1680531984
127,malanje,-9.5402,16.341,23.5,80,100,1.23,AO,1680531984
128,pacifica,37.6138,-122.4869,7.85,63,20,9.26,US,1680531984
129,santa helena de goias,-17.8136,-50.5969,26.39,65,0,2.76,BR,1680531785
130,khanpur,28.6453,70.6567,30.22,26,0,2.08,PK,1680531780
131,marzuq,14.4,46.4667,26.49,55,100,4.32,YE,1680531985
132,kavieng,-2.5744,150.7967,27.65,78,91,2.91,PG,1680531985
133,sorland,67.667,12.6934,4.92,81,75,7.2,NO,1680531985
134,ponta delgada,37.7333,-25.6667,16.4,63,75,4.63,PT,1680531985
135,saint anthony,45.0205,-93.218,3.77,74,0,4.63,US,1680531985
136,kathu,7.9178,98.3332,30.94,89,100,4.53,TH,1680531985
137,esperance,-33.8667,121.9,19.57,82,94,2.64,AU,1680531986
138,luderitz,-26.6481,15.1594,23.99,49,0,11.7,NA,1680531986
139,bojnurd,37.4747,57.329,5.97,81,20,1.03,IR,1680531986
140,mount gambier,-37.8333,140.7667,10.43,95,17,2.09,AU,1680531986
141,cabo san lucas,22.8909,-109.9124,23.06,53,100,4.26,MX,1680531986
142,khatanga,71.9667,102.5,-20.67,97,100,4.32,RU,1680531987
143,naustdal,61.509,5.7168,8.33,56,75,0.51,NO,1680531988
144,buchanan,5.8808,-10.0467,29.16,67,87,3.88,LR,1680531988
145,erdenet,49.0333,104.0833,-9.14,56,5,3.09,MN,1680531988
146,port keats,-14.25,129.55,26.87,74,100,0.46,AU,1680531988
147,bam,29.106,58.357,22.87,9,0,5.2,IR,1680531988
148,husavik,66.0449,-17.3389,3.55,98,100,4.26,IS,1680531988
149,trinidad,-14.8333,-64.9,28.99,74,40,3.6,BO,1680531988
150,nadvoitsy,63.8667,34.3167,-2.63,82,56,4.29,RU,1680531989
151,clyde river,70.4692,-68.5914,-24.87,84,0,5.14,CA,1680531989
152,cape town,-33.9258,18.4232,23.82,58,75,3.13,ZA,1680531738
153,kieta,-6.2167,155.6333,26.17,85,100,1.12,PG,1680531989
154,togur,58.3631,82.8265,1.13,98,100,2.68,RU,1680531989
155,los llanos de aridane,28.6585,-17.9182,20.62,79,20,8.75,ES,1680531989
156,mariinsk,56.2139,87.7472,-1.39,78,72,5.52,RU,1680531989
157,saint george,37.1041,-113.5841,14.33,40,75,2.06,US,1680531989
158,pinsk,52.1229,26.0951,3.48,56,100,7.05,BY,1680531989
159,pisco,-13.7,-76.2167,25.03,78,100,1.03,PE,1680531990
160,east london,-33.0153,27.9116,23.52,60,20,9.26,ZA,1680531990
161,inzer,54.2167,57.5556,6.04,78,44,1.88,RU,1680531990
162,san francisco,37.7749,-122.4194,7.92,63,20,10.73,US,1680531988
163,yacuiba,-22.038,-63.6797,28.43,65,20,0.0,BO,1680531991
164,nanortalik,60.1432,-45.2371,2.27,88,100,2.2,GL,1680531991
165,bud,39.447,-86.1758,14.92,81,100,4.08,US,1680531991
166,alofi,-19.0595,-169.9187,24.94,94,75,4.12,NU,1680531707
167,margate,51.3813,1.3862,10.73,65,4,1.34,GB,1680531991
168,goias,-15.5807,-49.6362,25.23,65,100,1.56,BR,1680531992
169,male,4.1748,73.5089,29.97,74,40,2.57,MV,1680531933
170,codrington,-38.2667,141.9667,12.26,91,9,2.45,AU,1680531992
171,cayenne,4.9333,-52.3333,28.02,69,75,5.66,GF,1680531795
172,mahebourg,-20.4081,57.7,28.16,74,20,3.6,MU,1680531992
173,yanam,16.7333,82.2167,27.26,82,89,3.05,IN,1680531992
174,kodiak,57.79,-152.4072,-1.27,93,100,0.0,US,1680531992
175,namie,37.4833,141.0,3.17,65,0,1.6,JP,1680531993
176,thai binh,20.45,106.3333,23.82,91,41,3.59,VN,1680531993
177,caruray,10.3094,119.0128,26.02,86,5,1.79,PH,1680531993
178,upernavik,72.7868,-56.1549,-25.03,94,78,0.52,GL,1680531993
179,biak,-0.9131,122.8766,25.01,83,100,0.68,ID,1680531993
180,marquette,46.5333,-87.6335,3.42,72,9,7.15,US,1680531791
181,mattru,7.6244,-11.8332,36.61,38,52,1.93,SL,1680531993
182,faanui,-16.4833,-151.75,27.56,70,31,1.76,PF,1680531976
183,springhill,33.006,-93.4668,20.02,95,65,4.02,US,1680531869
184,vila velha,-20.3297,-40.2925,27.97,66,20,5.66,BR,1680531994
185,georgetown,5.4112,100.3354,26.97,83,20,0.0,MY,1680531975
186,chateaubelair,13.2833,-61.25,27.29,74,40,6.17,VC,1680531994
187,keti bandar,24.1447,67.4497,26.21,75,0,7.02,PK,1680531994
188,hastings,50.8552,0.5729,12.27,26,3,7.03,GB,1680531783
189,ambilobe,-13.2,49.05,26.73,85,99,0.67,MG,1680531994
190,tuktoyaktuk,69.4541,-133.0374,-25.0,77,40,1.54,CA,1680531994
191,altamira,-3.2033,-52.2064,28.05,78,75,2.57,BR,1680531994
192,san vicente,-26.6167,-54.1333,26.61,51,18,2.85,AR,1680531994
193,wahiawa,21.5028,-158.0236,19.55,90,75,1.54,US,1680531994
194,eydhafushi,5.1033,73.0708,28.24,69,60,3.38,MV,1680531823
195,santo domingo,18.5001,-69.9886,28.29,72,40,5.14,DO,1680531995
196,yumen,40.2833,97.2,7.4,23,100,6.57,CN,1680531995
197,souillac,-20.5167,57.5167,28.21,74,20,3.6,MU,1680531995
198,bumba,2.1833,22.4667,29.36,58,97,2.78,CD,1680531995
199,lazaro cardenas,17.9583,-102.2,24.47,59,15,1.58,MX,1680531995
200,mukhen,48.1,136.1,11.73,60,100,3.64,RU,1680531997
201,waling,27.9833,83.7667,19.35,67,87,1.91,NP,1680531997
202,lasa,46.6166,10.7002,12.61,61,26,3.45,IT,1680532000
203,bluff,-46.6,168.3333,13.05,81,97,6.08,NZ,1680532000
204,ahipara,-35.1667,173.1667,15.97,70,7,4.77,NZ,1680532000
205,ushtobe,45.2514,77.9838,6.61,17,0,12.22,KZ,1680532001
206,adrar,20.5022,-10.0711,35.56,3,0,4.05,MR,1680532002
207,viedma,-40.8135,-62.9967,19.21,57,0,2.61,AR,1680532002
208,nador,35.174,-2.9287,23.04,49,0,3.6,MA,1680532002
209,yerofey pavlovich,53.9667,121.9667,-9.69,81,94,3.83,RU,1680532002
210,aparecida do taboado,-20.0867,-51.0936,27.1,63,0,2.65,BR,1680532002
211,saint-joseph,-21.3667,55.6167,25.21,82,100,1.63,RE,1680532003
212,ashland,40.8167,-82.2665,13.6,58,26,5.83,US,1680532003
213,eidsvag,62.7767,8.0668,8.36,87,100,0.73,NO,1680532003
214,mindelo,16.8901,-24.9804,26.75,54,2,10.29,CV,1680532003
215,borazjan,29.2666,51.2159,23.21,24,0,6.16,IR,1680532003
216,tiksi,71.6872,128.8694,-8.64,93,81,4.11,RU,1680532003
217,dhrangadhra,22.9833,71.4667,31.28,23,3,7.51,IN,1680532003
218,benguela,-12.5763,13.4055,29.21,72,59,5.23,AO,1680532004
219,port lincoln,-34.7333,135.8667,17.71,71,2,3.81,AU,1680531742
220,borogontsy,62.6683,131.1683,-10.59,95,100,2.75,RU,1680532004
221,zwedru,6.0667,-8.1281,31.5,53,83,0.71,LR,1680532004
222,kavaratti,10.5669,72.642,28.37,68,15,5.53,IN,1680532004
223,marawi,7.9986,124.2928,20.37,96,81,0.22,PH,1680532004
224,norman wells,65.282,-126.8329,-11.98,85,100,2.06,CA,1680532004
225,krasnogorsk,55.8225,37.3181,12.32,58,40,4.0,RU,1680531874
226,mar del plata,-38.0023,-57.5575,21.08,65,0,2.06,AR,1680531916
227,qaanaaq,77.484,-69.3632,-23.39,71,0,2.22,GL,1680532005
228,bambous virieux,-20.3428,57.7575,28.14,74,20,3.6,MU,1680532005
229,varginha,-21.5514,-45.4303,22.43,70,37,2.47,BR,1680532005
230,zhuanghe,39.7008,122.9911,13.33,35,100,1.54,CN,1680532005
231,kismayo,-0.3582,42.5454,29.62,67,5,6.13,SO,1680532005
232,airai,-8.9266,125.4092,15.47,95,100,0.86,TL,1680532005
233,markivka,49.5229,39.5705,11.59,76,94,4.8,UA,1680532005
234,hambantota,6.1241,81.1185,27.19,94,40,0.0,LK,1680532005
235,dunda,-8.1167,34.25,27.24,58,64,1.09,TZ,1680532006
236,bilma,18.6853,12.9164,33.87,3,100,3.9,NE,1680532006
237,beyneu,45.3167,55.2,14.33,32,100,3.42,KZ,1680532006
238,amantea,39.1332,16.0746,14.97,78,100,8.17,IT,1680532006
239,severo-kurilsk,50.6789,156.125,0.47,84,46,5.47,RU,1680531838
240,colwyn bay,53.2948,-3.7267,13.45,35,76,4.02,GB,1680531829
241,katobu,-4.9408,122.5276,24.35,92,99,0.6,ID,1680532007
242,sobolevo,54.4299,31.8996,0.77,96,100,4.54,RU,1680532007
243,ploemeur,47.7333,-3.4333,13.79,61,0,4.12,FR,1680532007
244,santa marta,11.2408,-74.199,30.5,62,20,6.71,CO,1680532007
245,paamiut,61.994,-49.6678,1.33,80,100,4.16,GL,1680532007
246,saint-pierre,-21.3393,55.4781,25.82,83,75,2.06,RE,1680532007
247,fort nelson,58.8053,-122.7002,-9.23,92,40,0.0,CA,1680532007
248,narsaq,60.9167,-46.05,9.12,86,100,2.85,GL,1680532008
249,norsup,-16.0667,167.3833,27.3,83,45,4.16,VU,1680532008
250,gat,31.61,34.7642,29.67,38,0,4.35,IL,1680531784
251,avenal,36.0041,-120.129,4.43,72,7,3.45,US,1680532008
252,myre,69.1036,15.9492,4.94,87,92,10.57,NO,1680532008
253,sao filipe,14.8961,-24.4956,24.35,69,11,4.54,CV,1680532008
254,vila franca do campo,37.7167,-25.4333,16.23,56,49,0.93,PT,1680532008
255,lyubech,51.7026,30.6569,2.04,93,100,5.77,UA,1680532008
256,waldheim,51.0667,13.0167,5.82,63,100,5.82,DE,1680532008
257,solnechnyy,50.7214,136.6319,4.24,84,100,2.71,RU,1680531794
258,kalmunai,7.4167,81.8167,27.62,75,64,4.02,LK,1680532008
259,kemijarvi,66.7131,27.4306,-2.02,83,65,3.76,FI,1680532009
260,santa cruz de la palma,28.6835,-17.7642,22.85,64,20,8.75,ES,1680532009
261,kovdor,67.5662,30.4758,-2.36,82,57,4.3,RU,1680532009
262,kudat,6.8837,116.8477,24.96,94,20,1.03,MY,1680532009
263,mehran,33.1222,46.1646,21.43,37,0,9.07,IR,1680532009
264,sumbe,-11.2061,13.8437,28.84,73,49,4.46,AO,1680532009
265,kulykiv,50.3142,24.8176,1.03,95,100,5.99,UA,1680532009
266,beloha,-25.1667,45.05,26.71,64,69,6.27,MG,1680532009
267,port blair,11.6667,92.75,27.17,67,85,0.45,IN,1680532009
268,la romana,18.4273,-68.9728,28.2,65,40,2.57,DO,1680532009
269,broome,42.2506,-75.833,8.59,39,0,6.26,US,1680532010
270,haines junction,60.7522,-137.5108,-17.03,85,32,1.03,CA,1680532010
271,beringovskiy,63.05,179.3167,-12.32,94,99,5.64,RU,1680532011
272,fortuna,40.5982,-124.1573,2.74,95,90,2.45,US,1680532011
273,bani,18.2833,-70.3333,27.7,55,0,4.44,DO,1680531933
274,kununurra,-15.7667,128.7333,24.99,83,88,2.06,AU,1680532011
275,khorinsk,52.1657,109.7726,-9.22,57,14,4.28,RU,1680532011
276,kiruna,67.8557,20.2251,-1.49,47,0,9.77,SE,1680532011
277,christchurch,-43.5333,172.6333,7.75,90,3,1.54,NZ,1680532011
278,lompoc,34.6391,-120.4579,9.4,73,40,10.28,US,1680532011
279,mto wa mbu,-3.35,35.85,28.51,51,68,1.97,TZ,1680532015
280,deder,9.3167,41.45,15.57,80,99,0.45,ET,1680532015
281,port shepstone,-30.7414,30.455,24.14,79,35,7.66,ZA,1680532015
282,oussouye,12.485,-16.5469,35.1,29,15,5.78,SN,1680532016
283,stephenville,32.2207,-98.2023,22.32,92,0,2.24,US,1680532016
284,dauphin,51.1494,-100.0502,-14.92,72,0,6.17,CA,1680531870
285,longyearbyen,78.2186,15.6401,-10.09,79,100,11.32,SJ,1680532016
286,torbay,47.6666,-52.7314,1.6,70,75,10.8,CA,1680532016
287,majene,-3.5403,118.9707,26.2,83,100,2.5,ID,1680532018
288,bhan,26.5583,67.7214,29.83,30,0,8.87,PK,1680532019
289,monrovia,6.3005,-10.7969,31.87,64,88,4.26,LR,1680532019
290,foki,56.693,54.3499,9.37,68,13,2.14,RU,1680532020
291,sao joao da barra,-21.6403,-41.0511,27.05,58,100,2.41,BR,1680532021
292,nokia,61.4667,23.5,1.41,36,0,4.12,FI,1680532022
293,lebu,-37.6167,-73.65,13.69,68,0,6.6,CL,1680532023
294,chokurdakh,70.6333,147.9167,-13.52,87,100,5.5,RU,1680532025
295,iqaluit,63.7506,-68.5145,-13.15,52,75,1.03,CA,1680532025
296,itaituba,-4.2761,-55.9836,29.09,74,40,1.54,BR,1680532025
297,green river,41.5286,-109.4662,-2.79,34,100,3.13,US,1680531910
298,talnakh,69.4865,88.3972,-24.89,97,79,5.79,RU,1680532025
299,mehamn,71.0357,27.8492,-2.03,69,75,11.83,NO,1680532025
300,caconda,-13.7333,15.0667,20.66,76,96,2.19,AO,1680532026
301,araxa,-19.5933,-46.9406,23.98,60,75,3.6,BR,1680531930
302,fairbanks,64.8378,-147.7164,-15.0,82,100,1.54,US,1680531998
303,whitehorse,60.7161,-135.0538,-7.57,67,75,1.03,CA,1680531928
304,ilulissat,69.2167,-51.1,-11.99,72,0,0.51,GL,1680532026
305,brandenburg,52.4167,12.55,7.19,39,100,5.1,DE,1680532026
306,north aurora,41.8061,-88.3273,11.27,62,100,2.06,US,1680531928
307,san quintin,30.4833,-115.95,12.93,79,70,7.98,MX,1680532027
308,axim,4.8699,-2.2405,30.2,65,78,4.53,GH,1680532027
309,eregli,37.5133,34.0467,19.41,24,60,1.8,TR,1680532027
310,denpasar,-8.65,115.2167,26.81,94,40,1.54,ID,1680531749
311,ajdabiya,30.7554,20.2263,19.79,37,3,7.26,LY,1680532027
312,ugoofaaru,5.6667,73.0,28.27,70,13,3.78,MV,1680532028
313,mandalgovi,45.7625,106.2708,-8.51,57,97,4.79,MN,1680532028
314,hede,33.7681,120.2517,12.99,86,100,10.05,CN,1680532028
315,kamenka,51.3223,42.7678,15.29,37,100,4.03,RU,1680532028
316,rawson,-43.3002,-65.1023,16.17,51,0,1.97,AR,1680532028
317,vazante,-17.9869,-46.9078,25.74,57,100,2.93,BR,1680532028
318,dzhebariki-khaya,62.2167,135.8,-15.48,91,100,2.8,RU,1680532029
319,calama,-22.4667,-68.9333,19.27,55,0,4.12,CL,1680532029
320,cairns,-16.9167,145.7667,25.04,97,100,0.51,AU,1680532029
321,mount isa,-20.7333,139.5,23.87,29,8,4.12,AU,1680532030
322,leh,34.1667,77.5833,-2.14,61,100,0.76,IN,1680532030
323,namatanai,-3.6667,152.4333,26.75,81,80,2.74,PG,1680532030
324,presidencia roque saenz pena,-26.7852,-60.4388,30.0,32,26,3.81,AR,1680532031
325,dharchula,29.85,80.5333,14.99,86,100,1.55,IN,1680532031
326,sisimiut,66.9395,-53.6735,-8.94,67,0,4.22,GL,1680532031
327,ellwangen,48.9616,10.1317,7.91,47,100,4.22,DE,1680532031
328,yulara,-25.2406,130.9889,25.86,41,56,5.03,AU,1680532031
329,hofn,64.2539,-15.2082,7.01,93,100,6.69,IS,1680532031
330,arman,59.7,150.1667,-17.77,86,4,3.68,RU,1680532031
331,san antonio,29.4241,-98.4936,23.91,88,100,2.06,US,1680531925
332,sioux lookout,50.1001,-91.917,-10.96,73,75,3.09,CA,1680532031
333,lata,40.1629,-8.3327,20.51,32,100,3.98,PT,1680532032
334,yarmouth,41.7057,-70.2286,7.79,51,0,4.12,US,1680532032
335,nachingwea,-10.3833,38.7667,25.53,89,67,1.86,TZ,1680532032
336,kostino,58.9097,53.2691,5.76,97,92,1.76,RU,1680532032
337,tuzha,57.6062,47.936,7.3,85,100,3.44,RU,1680532033
338,kayerkan,69.3497,87.7602,-25.27,75,97,4.46,RU,1680532035
339,osoyoos,49.0331,-119.4524,-1.77,86,14,0.51,CA,1680532035
340,bathsheba,13.2167,-59.5167,29.34,61,40,10.8,BB,1680532035
341,hunterville,-39.9333,175.5667,8.64,95,38,1.61,NZ,1680532035
342,patiya,22.2931,91.9762,24.74,80,70,1.79,BD,1680532035
343,olden,61.8364,6.8064,8.41,81,100,1.71,NO,1680532035
344,baiyin,36.5583,104.2081,3.04,84,94,3.5,CN,1680532036
345,xichang,27.8964,102.2634,16.86,34,54,1.94,CN,1680532036
346,sayat,38.7839,63.8803,16.93,41,22,5.44,TM,1680532036
347,alyangula,-13.8483,136.4192,27.84,72,62,3.39,AU,1680532036
348,camopi,3.1655,-52.3158,28.42,61,34,2.07,GF,1680532036
349,pevek,69.7008,170.3133,-33.16,100,77,3.06,RU,1680532036
350,priyutovo,53.9,53.9333,7.24,71,28,4.35,RU,1680532037
351,egvekinot,66.3167,-179.1667,-23.86,91,94,4.56,RU,1680532037
352,conde,-7.2597,-34.9075,30.7,62,40,4.12,BR,1680532037
353,tanout,14.9709,8.8879,34.86,4,100,2.7,NE,1680532037
354,soyo,-6.1349,12.3689,29.79,71,59,5.48,AO,1680532037
355,soure,-0.7167,-48.5233,27.27,72,83,2.86,BR,1680532037
356,bambanglipuro,-7.95,110.2833,24.75,90,100,1.95,ID,1680532038
357,geraldton,-28.7667,114.6,22.23,78,75,8.23,AU,1680532038
358,cabedelo,-6.9811,-34.8339,31.37,67,28,4.27,BR,1680532038
359,mareeba,-17.0,145.4333,22.47,94,99,0.85,AU,1680532038
360,piacabucu,-10.4056,-36.4344,29.49,61,97,3.64,BR,1680532038
361,muzhi,65.3667,64.6667,-13.94,89,7,2.29,RU,1680532038
362,osorno,-40.5667,-73.15,14.03,76,0,0.36,CL,1680531933
363,abu kamal,34.4506,40.9171,24.05,30,0,2.22,SY,1680532038
364,itarema,-2.9248,-39.9167,28.85,68,72,0.45,BR,1680532039
365,wanning,18.8003,110.3967,24.73,93,5,4.14,CN,1680532039
366,arrecife,28.963,-13.5477,22.99,53,20,10.8,ES,1680532039
367,craigieburn,-37.6,144.95,15.43,85,0,2.57,AU,1680532039
368,algiers,36.7525,3.042,17.9,45,20,3.09,DZ,1680531982
369,at-bashi,41.1702,75.8106,0.97,43,55,3.26,KG,1680532044
370,santa cruz,-17.8,-63.1667,29.03,65,40,6.69,BO,1680531831
371,coromandel,-18.4733,-47.2003,23.05,69,96,3.3,BR,1680532045
372,touros,-5.1989,-35.4608,29.92,61,98,3.7,BR,1680532045
373,yanji,42.9075,129.5078,13.72,53,100,0.73,CN,1680532046
374,komsomolskiy,40.4272,71.7189,17.4,67,100,7.2,UZ,1680532046
375,san policarpo,12.1791,125.5072,26.36,80,59,3.73,PH,1680532046
376,srednekolymsk,67.45,153.6833,-24.51,95,90,2.31,RU,1680532046
377,hobyo,5.3505,48.5268,29.35,70,7,6.18,SO,1680532048
378,meulaboh,4.1363,96.1285,26.2,78,100,0.61,ID,1680532048
379,neuquen,-38.9516,-68.0591,14.94,58,0,2.06,AR,1680532048
380,santiago del estero,-27.7951,-64.2615,23.24,76,100,2.89,AR,1680531850
381,cay,38.5917,31.0286,16.75,47,100,4.59,TR,1680532049
382,oranjemund,-28.55,16.4333,19.66,65,0,9.07,NA,1680531886
383,yei,4.095,30.6779,32.78,30,69,1.07,SS,1680532050
384,beysehir,37.6773,31.7246,15.29,39,28,6.62,TR,1680532050
385,nara,34.6851,135.8049,13.05,30,0,1.51,JP,1680531795
386,coquimbo,-29.9533,-71.3436,14.85,100,100,2.57,CL,1680531762
387,klaksvik,62.2266,-6.589,8.51,89,97,10.84,FO,1680532050
388,bonthe,7.5264,-12.505,31.59,58,52,5.91,SL,1680532051
389,alghero,40.5589,8.3181,17.05,63,20,3.09,IT,1680531965
390,kikwit,-5.041,18.8162,31.83,47,98,0.7,CD,1680532051
391,hit,33.6416,42.8251,24.94,25,0,3.37,IQ,1680531996
392,ancud,-41.8697,-73.8203,11.77,65,0,1.81,CL,1680532051
393,aksu,41.1231,80.2644,13.13,11,0,7.24,CN,1680532051
394,opuwo,-18.0607,13.84,31.24,28,84,5.12,NA,1680532051
395,pochutla,15.7432,-96.4661,28.79,54,98,0.84,MX,1680532051
396,aklavik,68.2191,-135.0107,-18.52,96,36,3.68,CA,1680532051
397,otane,-39.8833,176.6333,11.12,85,100,1.72,NZ,1680532051
398,ascension,30.2169,-90.9001,26.12,83,100,4.12,US,1680532052
399,mahajanga,-15.7167,46.3167,30.01,70,20,4.12,MG,1680532052
400,chimbote,-9.0853,-78.5783,26.55,73,92,1.45,PE,1680532052
401,buraydah,26.326,43.975,26.25,11,0,4.28,SA,1680532052
402,zhigansk,66.7697,123.3711,-6.92,95,99,6.5,RU,1680532052
403,jaumave,23.4167,-99.3833,26.29,58,48,1.2,MX,1680532052
404,miraflores,19.2167,-98.8083,19.46,43,91,0.27,MX,1680532053
405,dukat,62.55,155.55,-26.91,100,86,1.62,RU,1680532053
406,praia,14.9215,-23.5087,28.3,57,18,10.29,CV,1680531889
407,umm kaddadah,13.6017,26.6876,36.48,7,86,3.97,SD,1680532053
408,rabo de peixe,37.8,-25.5833,15.73,63,75,4.63,PT,1680532053
409,port-gentil,-0.7193,8.7815,29.98,74,40,5.66,GA,1680532053
410,bereda,43.2686,-7.5406,17.54,56,100,0.46,ES,1680532053
411,ampanihy,-24.7,44.75,27.47,59,65,5.14,MG,1680532053
412,tromso,69.6496,18.957,4.1,75,75,8.75,NO,1680531913
413,san juan,-31.5375,-68.5364,22.71,56,2,4.38,AR,1680532054
414,anloga,5.7947,0.8973,29.85,69,96,6.14,GH,1680532054
415,nelson bay,-32.7167,152.15,20.0,93,70,0.45,AU,1680532054
416,asuncion,-25.3007,-57.6359,30.69,42,0,3.6,PY,1680531765
417,tiarei,-17.5333,-149.3333,27.01,71,81,1.34,PF,1680532054
418,laguna,38.421,-121.4238,5.59,76,0,3.09,US,1680532054
419,tutoia,-2.7619,-42.2744,25.71,82,100,1.7,BR,1680532054
420,neepawa,50.2289,-99.4664,-11.78,94,100,6.77,CA,1680532054
421,cabinda,-5.55,12.2,29.61,73,75,5.52,AO,1680532054
422,kabansk,52.0486,106.6528,-11.01,79,4,2.4,RU,1680532055
423,road town,18.4167,-64.6167,29.05,51,40,5.66,VG,1680532055
424,port hardy,50.6996,-127.4199,5.0,93,75,3.09,CA,1680532055
425,iisalmi,63.5592,27.1907,-1.08,73,97,2.24,FI,1680532055
426,okhotsk,59.3833,143.3,-15.46,88,40,1.89,RU,1680531798
427,udachnyy,66.4167,112.4,-3.08,79,100,3.51,RU,1680532056
428,qandala,11.472,49.8728,29.27,67,7,2.31,SO,1680532056
429,arambagh,22.8833,87.7833,29.92,23,11,0.99,IN,1680532056
430,visby,57.6409,18.296,3.92,64,20,7.2,SE,1680532056
431,zhanaozen,43.3,52.8,12.14,41,21,2.9,KZ,1680532056
432,porto novo,6.4965,2.6036,30.9,56,82,4.69,BJ,1680532056
433,korla,41.7597,86.1469,5.28,16,71,4.17,CN,1680532056
434,kaihua,23.3687,104.28,19.12,49,31,3.65,CN,1680532056
435,lerwick,60.1545,-1.1494,8.0,75,74,9.43,GB,1680532049
436,grand forks,47.9417,-97.4337,-5.15,93,100,7.72,US,1680532056
437,dulce grande,23.0,-102.1667,20.68,18,6,1.81,MX,1680532056
438,olafsvik,64.8945,-23.7142,4.77,93,100,10.42,IS,1680532057
439,tambun,-6.2641,107.0712,28.02,78,20,5.14,ID,1680532057
440,nome,64.5011,-165.4064,-16.58,92,100,0.0,US,1680532003
441,lewisville,33.0462,-96.9942,22.93,91,75,6.69,US,1680532057
442,boende,-0.2167,20.8667,31.11,54,98,0.65,CD,1680532057
443,portland,45.5234,-122.6762,3.23,94,75,3.13,US,1680531885
444,prince rupert,54.3161,-130.3201,2.83,100,100,3.6,CA,1680532057
445,nizhniy ingash,56.2,96.53,-1.98,72,100,6.39,RU,1680532057
446,carballo,43.213,-8.691,17.02,56,100,1.49,ES,1680532057
447,kisanga,-7.4362,37.7034,29.24,71,94,1.17,TZ,1680532057
448,salimbalan,8.2742,124.7219,21.44,96,100,1.06,PH,1680532058
449,milford,41.2223,-73.0565,10.27,52,0,4.63,US,1680532058
450,taikang,46.8333,124.4167,3.54,23,81,5.54,CN,1680532058
451,xiaoweizhai,26.1903,107.5125,23.24,59,1,5.24,CN,1680532058
452,zambezi,-13.5432,23.1047,23.64,79,78,2.47,ZM,1680532058
453,nuuk,64.1835,-51.7216,-1.66,59,20,6.17,GL,1680532058
454,vikhorevka,56.1201,101.1636,-1.23,90,100,5.38,RU,1680532058
455,todos santos,23.45,-110.2167,19.82,45,100,4.18,MX,1680532058
456,sorong,-0.8833,131.25,26.7,82,100,2.58,ID,1680532058
457,srandakan,-7.9386,110.2506,24.88,89,100,1.98,ID,1680532058
458,tucuman,-26.8241,-65.2226,21.0,83,100,2.06,AR,1680532058
459,krasnotorka,48.682,37.5327,9.35,89,100,4.7,UA,1680532059
460,kaitangata,-46.2817,169.8464,10.85,77,99,1.63,NZ,1680532059
461,rorvik,64.8621,11.2373,5.06,87,75,4.63,NO,1680532059
462,akom,2.6678,12.7109,31.63,42,94,0.96,CM,1680532059
463,balkanabat,39.5108,54.3671,12.17,49,61,3.11,TM,1680532059
464,yueyang,29.3333,113.0919,16.8,95,100,4.99,CN,1680532059
465,loandjili,-4.7561,11.8578,30.04,66,96,5.04,CG,1680532059
466,cockburn town,21.4612,-71.1419,26.98,65,40,5.66,TC,1680532059
467,aksehir,38.3575,31.4164,16.64,40,100,3.82,TR,1680532059
468,svetlogorsk,52.6333,29.7333,0.86,97,100,5.41,BY,1680532059
469,san nicolas,18.1725,120.5953,25.65,74,10,2.73,PH,1680532059
470,cozumel,20.5083,-86.9458,27.75,78,40,3.6,MX,1680531941
471,saint john,45.2727,-66.0677,2.0,40,75,3.09,CA,1680531949
472,naze,28.3667,129.4833,18.51,64,100,9.61,JP,1680532060
473,dorsten,51.6667,6.9667,11.43,49,7,3.58,DE,1680532060
474,sarankhola,22.3082,89.7897,25.73,74,25,3.59,BD,1680532060
475,hereford,52.0568,-2.7148,13.16,64,6,1.34,GB,1680532060
476,katsuura,35.1333,140.3,11.1,61,0,5.92,JP,1680532060
477,sompeta,18.9333,84.6,27.59,81,7,5.37,IN,1680532060
478,aransas pass,27.9095,-97.15,25.03,100,100,6.69,US,1680532035
479,matanzas,23.0411,-81.5775,26.42,69,20,4.63,CU,1680532060
480,luwuk,-0.9516,122.7875,25.74,85,100,1.12,ID,1680532060
481,thap than,15.4606,99.8917,34.24,24,84,1.74,TH,1680532060
482,roebourne,-20.7833,117.1333,29.08,68,12,5.87,AU,1680532060
483,dubbo,-32.25,148.6167,17.07,72,57,4.63,AU,1680532060
484,necochea,-38.5473,-58.7368,19.45,50,91,2.08,AR,1680532061
485,moree,-29.4667,149.85,20.36,62,47,5.25,AU,1680531911
486,iwaki,37.05,140.8833,3.2,64,0,1.68,JP,1680532061
487,litchfield,41.7668,-73.2501,7.14,46,18,1.79,US,1680532061
488,pauini,-7.7136,-66.9764,24.92,87,96,1.22,BR,1680532061
489,roald,62.5833,6.1333,9.07,61,40,7.2,NO,1680532061
490,salalah,17.0151,54.0924,30.05,70,20,3.09,OM,1680532061
491,shetpe,44.1667,52.1167,13.0,39,8,1.95,KZ,1680532061
492,victoria point,-27.5833,153.3,21.62,81,46,0.45,AU,1680532061
493,hokitika,-42.7167,170.9667,10.63,84,5,1.55,NZ,1680532061
494,namibe,-15.1961,12.1522,27.3,62,28,6.2,AO,1680532061
495,santa cruz do rio pardo,-22.8989,-49.6325,23.95,61,0,2.73,BR,1680532061
496,eenhana,-17.4667,16.3333,27.5,40,94,2.03,NA,1680532062
497,sheltozero,61.3667,35.3667,-1.31,96,100,6.52,RU,1680532062
498,oktyabrskoye,43.0645,44.7417,16.08,33,100,8.0,RU,1680532062
499,borba,-4.3878,-59.5939,23.89,93,100,0.75,BR,1680532064
500,polovinnoye,54.7914,65.9864,2.39,79,0,3.55,RU,1680532064
501,kiunga,-6.1219,141.2906,22.81,99,100,0.52,PG,1680532065
502,vestmannaeyjar,63.4427,-20.2734,7.55,100,100,14.4,IS,1680532066
503,teodoro sampaio,-22.5325,-52.1675,24.58,68,0,4.23,BR,1680532066
504,loa janan,-0.583,117.095,23.95,96,93,0.31,ID,1680532066
505,port-cartier,50.0334,-66.8654,-5.88,69,28,4.4,CA,1680532067
506,kropotkin,45.4375,40.5756,12.48,82,100,4.08,RU,1680532067
507,villazon,-22.0866,-65.5942,13.38,60,17,1.11,BO,1680532067
508,belgrade,44.804,20.4651,10.81,68,75,6.69,RS,1680532068
509,kudahuvadhoo,2.6708,72.8944,28.35,72,55,3.91,MV,1680532068
510,flinders,-34.5833,150.8552,19.1,83,32,1.34,AU,1680532068
511,pastos bons,-6.6017,-44.0767,29.61,59,99,1.78,BR,1680532068
512,lovozero,68.005,35.0117,-3.34,82,24,2.23,RU,1680532068
513,virginia beach,36.8529,-75.978,16.14,59,20,4.63,US,1680531816
514,brezovo,42.35,25.0833,11.55,79,100,5.44,BG,1680532069
515,phalaborwa,-23.943,31.1411,31.6,30,0,3.42,ZA,1680531786
516,oktyabrskiy,54.4815,53.471,9.72,58,68,3.68,RU,1680532072
517,ornskoldsvik,63.2909,18.7153,1.53,51,0,3.6,SE,1680532072
518,hovd,48.0056,91.6419,-7.46,22,0,1.6,MN,1680532072
519,virarajendrapet,12.2,75.8,21.42,73,27,1.7,IN,1680532072
520,kapoeta,4.7717,33.5903,32.24,35,100,5.95,SS,1680532072
521,ostrovnoy,68.0531,39.5131,-5.51,84,24,5.37,RU,1680532073
522,napanee,44.2501,-76.9494,6.95,55,100,7.29,CA,1680531990
523,swan hill,-35.3378,143.5544,18.15,44,30,1.82,AU,1680532074
524,riyadh,24.6877,46.7219,25.08,8,0,4.49,SA,1680531796
525,pingxiang,27.6167,113.85,22.52,85,40,2.71,CN,1680532074
526,dunedin,-45.8742,170.5036,12.11,79,92,2.07,NZ,1680531825
527,chicama,-7.8447,-79.1469,25.3,75,90,1.38,PE,1680532074
528,kang,-23.6752,22.7876,30.27,23,40,2.17,BW,1680532074
529,yuncheng,35.0231,110.9928,8.01,95,100,1.84,CN,1680532074
530,coos bay,43.3665,-124.2179,2.3,98,100,3.09,US,1680532074
531,zverinogolovskoye,54.4586,64.8542,3.37,78,0,3.46,RU,1680532074
532,asopos,36.7333,22.8667,14.74,77,100,5.6,GR,1680532075
533,the valley,18.217,-63.0578,27.92,57,20,8.23,AI,1680532039
534,ciudad bolivar,8.1222,-63.5497,30.41,47,89,5.13,VE,1680532075
535,charyshskoye,51.3978,83.5598,-1.27,73,0,1.16,RU,1680532075
536,flin flon,54.7682,-101.865,-20.09,65,20,1.54,CA,1680532076
537,sal rei,16.1833,-22.9167,27.11,65,4,5.14,CV,1680532077
538,libreville,0.3925,9.4537,29.5,69,78,3.84,GA,1680531981
539,abnub,27.2696,31.1511,31.12,7,18,1.31,EG,1680532078
540,atar,20.5169,-13.0499,37.85,4,1,5.01,MR,1680532078
541,penzberg,47.75,11.3833,7.22,74,100,4.01,DE,1680532078
542,macia,-25.0269,33.0989,29.2,55,0,3.51,MZ,1680532078
